[
  {
    "model": "simplecnn",
    "threshold": 0.5,
    "accuracy": 0.8141025641025641,
    "precision": 0.7795918367346939,
    "recall": 0.9794871794871794,
    "f1": 0.8681818181818182,
    "auc": 0.927755862371247,
    "confusion_matrix": [
      [
        126,
        108
      ],
      [
        8,
        382
      ]
    ],
    "num_failures": 116
  },
  {
    "model": "resnet18",
    "threshold": 0.5,
    "accuracy": 0.8461538461538461,
    "precision": 0.8088235294117647,
    "recall": 0.9871794871794872,
    "f1": 0.8891454965357968,
    "auc": 0.9420556651325882,
    "confusion_matrix": [
      [
        143,
        91
      ],
      [
        5,
        385
      ]
    ],
    "num_failures": 96
  },
  {
    "model": "efficientnet_b0",
    "threshold": 0.5,
    "accuracy": 0.8397435897435898,
    "precision": 0.8236607142857143,
    "recall": 0.9461538461538461,
    "f1": 0.8806682577565632,
    "auc": 0.9248520710059172,
    "confusion_matrix": [
      [
        155,
        79
      ],
      [
        21,
        369
      ]
    ],
    "num_failures": 100
  },
  {
    "model": "vit_tiny",
    "threshold": 0.5,
    "accuracy": 0.9230769230769231,
    "precision": 0.8976744186046511,
    "recall": 0.9897435897435898,
    "f1": 0.9414634146341463,
    "auc": 0.9791858426473812,
    "confusion_matrix": [
      [
        190,
        44
      ],
      [
        4,
        386
      ]
    ],
    "num_failures": 48
  },
  {
    "model": "mambanet",
    "threshold": 0.5,
    "accuracy": 0.8365384615384616,
    "precision": 0.8157894736842105,
    "recall": 0.9538461538461539,
    "f1": 0.8794326241134752,
    "auc": 0.9122287968441815,
    "confusion_matrix": [
      [
        150,
        84
      ],
      [
        18,
        372
      ]
    ],
    "num_failures": 102
  }
]